7079 Gentle Hills Hollow,Dreamworld,Texas,76953-7323,1
2778 Jagged Nectar Rise,Belchertown,Minnesota,56103-4518,2
8002 Shady Crescent,Chickville,Maryland,21422-4168,3
9843 Amber Zephyr Port,Francis,Ohio,45852-0320,4
9013 Pleasant Butterfly Gate,Seventysix,Alaska,99884-8216,5
158 Cozy Boulevard,Swiss Alp,Wisconsin,53623-7332,6
8595 Foggy Pine Line,Dog Creek,New York,12158-5171,7
6185 Blue Falls,Twist,Virginia,23618-2252,8
1129 Gentle Road,Battle Creek,Vermont,05311-9739,9
841 Sleepy Panda Cove,Orangeville,Georgia,39861-0865,10
6350 Noble Diversion,Mankota,South Carolina,29264-2263,11
2757 Dusty Knoll,Note,Arizona,86967-8255,12
5428 Amber Spring End,Tell City,Arizona,86616-7646,13
6455 Foggy Turnabout,Amigo,Texas,76899-6187,14
1589 Tawny Leaf Promenade,Bloody Corners,California,91811-6629,15
4210 Quiet Crescent,Fosston,Nevada,89894-1091,16
1241 Silent Panda Acres,Radium,Rhode Island,02912-6666,17
6522 Honey Glade,Deadwood,Mississippi,39457-4746,18
5890 Rustic Circle,Looneyville,South Carolina,29910-8782,19
6576 Emerald Mountain,Wachapreague,Massachusetts,01272-5990,20
632 Dusty Zephyr Square,Coochie,Louisiana,71007-2547,21
2513 Merry Island Forest,Yellville,New Jersey,08322-6338,22
3454 Colonial Inlet,Coronach,West Virginia,26548-4891,23
2588 Emerald Butterfly Ramp,Turtlepoint,Kansas,67417-5186,24
4989 Merry Byway,Platinum,District of Columbia,20011-7472,25
3033 Grand Turnabout,Beaumont,District of Columbia,20088-2427,26
158 Cozy Boulevard,Swiss Alp,Wisconsin,53623-7332,27
5997 Lost Byway,Summertime,Massachusetts,01793-5010,28
4215 Foggy Chase,Yellow Grass,South Carolina,29885-7834,29
9480 Tawny Creek Pines,Slickpoo,Utah,84689-4356,30
7270 Easy Beach,Ptarmigan,Florida,33274-8475,31
8088 Pleasant Square,Broken Sword,Maryland,21635-3891,32
1619 Hazy Parade,Blue Mounds,Vermont,05324-6788,33
9038 Lazy Beacon Ledge,Curfew,Colorado,80073-2067,34
5436 Red Cider Knoll,Good Thunder,North Carolina,27721-7384,35
7156 Quiet Highlands,Langham,Oregon,97954-8688,36
8941 Sleepy Green,Kenaston,Michigan,49504-4946,37
5942 Rocky Brook Harbour,Lucky Valley,New Hampshire,03543-5681,38
7845 Quaking Port,Nishnabotna,Colorado,81949-8521,39
1129 Gentle Road,Battle Creek,Vermont,05311-9739,40
8701 Rocky Timber Glade,White Kitchen,Indiana,47119-0390,41
2820 Round Glen,Smooth Rock Falls,Hawaii,96713-9703,42
4414 Shady Impasse,Reduction,Florida,34657-2520,43
3536 Misty Log Woods,Firebrick,Rhode Island,02867-3525,44
4260 Silver Square,Starkweather,Michigan,48613-1992,45
8481 Hazy Rise,Subligna,District of Columbia,20017-2595,46
5428 Amber Spring End,Tell City,Arizona,86616-7646,47
2037 Velvet Circle,Stoops,Nevada,89387-3873,48
8834 Quiet Mountain Boulevard,Nooseneck,Massachusetts,01833-2868,49
4043 Rocky Brook Manor,Broomtown,Ohio,45506-1529,50
5151 Dusty Byway,Hundred,Alaska,99778-9805,51
7222 Little Anchor Extension,Honk Hill,West Virginia,24948-8395,52
4983 Middle Spring Mews,Sunizona,Kentucky,40441-7768,53
9823 Heather Barn Extension,Jolly Dump,New Mexico,88341-8266,54
7397 Quiet Cove,Little Heaven,California,95497-6416,55
1862 Misty Crest,Crookston,South Dakota,57201-4275,56
7262 Amber Swale,Coffee Point,Alaska,99937-3035,57
158 Cozy Boulevard,Swiss Alp,Wisconsin,53623-7332,58
4368 Golden Hill,Stetson,Illinois,62230-0611,59
6679 Amber Sky Link,Grabtown,Oklahoma,73205-7326,60
6666 Lost Orchard,Hazard,Oklahoma,74054-8706,61
8887 Velvet Townline,Zook,Oklahoma,73107-8881,62
9571 Green Deer Crest,Smeaton,Arkansas,72504-8378,63
2037 Velvet Circle,Stoops,Nevada,89387-3873,64
3427 Golden Creek Inlet,Cabinet,Michigan,48764-9915,65
1898 Grand Cloud Dell,Dollar Settlement,Delaware,19989-8124,66
2521 Amber Court,Romulus,Massachusetts,01908-4619,67
3511 Lost Hickory Valley,Old Corral,Alaska,99914-5294,68
8793 Middle Hollow,Robbers Roost,Wisconsin,53383-4250,69
7185 Green Prairie Lane,Tortolita,District of Columbia,20051-8200,70
8929 Velvet Field,Meadow Lake,Michigan,48659-4326,71
2296 Jagged Shadow Wood,Quonochontaug,Alaska,99677-3665,72
6151 Bright Vista,Rabbityard,Pennsylvania,17898-0327,73
996 Noble Downs,Bredenbury,Idaho,83617-5266,74
6895 Iron Forest,Tango,New Mexico,87277-9809,75
6495 Rustic Anchor Beach,Ohiopyle,Utah,84559-1458,76
8861 Lazy Brook Hollow,Difficult,Illinois,60565-0735,77
2382 Lazy Thicket,Shell Lake,South Dakota,57377-6074,78
4142 Colonial Timber Maze,Lionilli,Oregon,97643-6730,79
7673 Round Stead,Goodsoil,Oklahoma,74738-4039,80
7452 Iron Autumn Village,Kooskooskie,Kansas,66292-6961,81
190 Silent Ledge,Dicktown,Utah,84823-2640,82
7672 Fallen Branch Concession,Muck City,Texas,77900-8016,83
937 Crystal Impasse,Cuthi Uckehaca,Delaware,19718-8004,84
4461 Gentle Spring Park,Quashquema,Minnesota,56481-2869,85
3350 Shady Berry Terrace,Fish House,Montana,59545-4151,86
1876 Velvet Spring Key,Eighty Four,District of Columbia,20083-6899,87
4031 Fallen Pine Vista,Quinsigamond Village,Ohio,43671-8947,88
1372 Cozy Willow Lookout,Paw Paw,District of Columbia,20052-5300,89
8099 Wishing Ramp,Punnichy,Missouri,64655-3437,90
3014 Blue Sky By-pass,Dalmeny,South Carolina,29280-0678,91
3511 Lost Hickory Valley,Old Corral,Alaska,99914-5294,92
2447 Middle Rise Campus,Hazard,Washington,98675-7534,93
322 Emerald Loop,Burnt Tree,Washington,98276-1488,94
6964 Golden Jetty,Redbug,Vermont,05454-8100,95
554 Merry Horse Line,Sintaluta,Rhode Island,02914-8811,96
7210 Golden Highlands,Middlesex Beach,Hawaii,96778-4678,97
9091 Emerald Mews,Coudersport,Rhode Island,02953-6515,98
4896 Quaking Heights,Relay,Indiana,47649-5862,99
332 Amber Berry Hollow,Birch Hills,Florida,34178-1547,100
