1,Product Name 1,Product Name 1 Description,6,576236786900
2,Product Name 2,Product Name 2 Description,5,892094306353
3,Product Name 3,Product Name 3 Description,3,568886864228
4,Product Name 4,Product Name 4 Description,5,269205549504
5,Product Name 5,Product Name 5 Description,9,782233387443
6,Product Name 6,Product Name 6 Description,4,771260296795
7,Product Name 7,Product Name 7 Description,1,419742631291
8,Product Name 8,Product Name 8 Description,10,276546297231
9,Product Name 9,Product Name 9 Description,4,970022872284
10,Product Name 10,Product Name 10 Description,10,265726679521
11,Product Name 11,Product Name 11 Description,2,508985735062
12,Product Name 12,Product Name 12 Description,1,523021256805
13,Product Name 13,Product Name 13 Description,7,375768020079
14,Product Name 14,Product Name 14 Description,9,505511276460
15,Product Name 15,Product Name 15 Description,6,165565421077
16,Product Name 16,Product Name 16 Description,10,587668160825
17,Product Name 17,Product Name 17 Description,10,449137708497
18,Product Name 18,Product Name 18 Description,2,914358530942
19,Product Name 19,Product Name 19 Description,1,123511166097
20,Product Name 20,Product Name 20 Description,7,745517787115
21,Product Name 21,Product Name 21 Description,5,113010073675
22,Product Name 22,Product Name 22 Description,2,391024181263
23,Product Name 23,Product Name 23 Description,10,987346684846
24,Product Name 24,Product Name 24 Description,3,914679610910
25,Product Name 25,Product Name 25 Description,4,393136128156
26,Product Name 26,Product Name 26 Description,3,568534086973
27,Product Name 27,Product Name 27 Description,1,950062682928
28,Product Name 28,Product Name 28 Description,3,683750427791
29,Product Name 29,Product Name 29 Description,1,249468466893
30,Product Name 30,Product Name 30 Description,3,749751474950
31,Product Name 31,Product Name 31 Description,3,278252399852
32,Product Name 32,Product Name 32 Description,5,580148113458
33,Product Name 33,Product Name 33 Description,1,375206143790
34,Product Name 34,Product Name 34 Description,1,538332734379
35,Product Name 35,Product Name 35 Description,10,476332248484
36,Product Name 36,Product Name 36 Description,10,423497705256
37,Product Name 37,Product Name 37 Description,9,664915114105
38,Product Name 38,Product Name 38 Description,2,777221239149
39,Product Name 39,Product Name 39 Description,5,749603036619
40,Product Name 40,Product Name 40 Description,5,773962769833
41,Product Name 41,Product Name 41 Description,6,687323220890
42,Product Name 42,Product Name 42 Description,6,212653060308
43,Product Name 43,Product Name 43 Description,4,190839759040
44,Product Name 44,Product Name 44 Description,2,912061285336
45,Product Name 45,Product Name 45 Description,1,522874270724
46,Product Name 46,Product Name 46 Description,5,749283420730
47,Product Name 47,Product Name 47 Description,4,876002448168
48,Product Name 48,Product Name 48 Description,7,813505942564
49,Product Name 49,Product Name 49 Description,2,543801017098
50,Product Name 50,Product Name 50 Description,1,882287805953
51,Product Name 51,Product Name 51 Description,8,914360322502
52,Product Name 52,Product Name 52 Description,10,186632473646
53,Product Name 53,Product Name 53 Description,10,703289841023
54,Product Name 54,Product Name 54 Description,3,349343687567
55,Product Name 55,Product Name 55 Description,7,165576127309
56,Product Name 56,Product Name 56 Description,9,243442814185
57,Product Name 57,Product Name 57 Description,3,477237792400
58,Product Name 58,Product Name 58 Description,7,302663550558
59,Product Name 59,Product Name 59 Description,7,612649859974
60,Product Name 60,Product Name 60 Description,4,211963189463
61,Product Name 61,Product Name 61 Description,5,467632154356
62,Product Name 62,Product Name 62 Description,7,398109044223
63,Product Name 63,Product Name 63 Description,2,449067686742
64,Product Name 64,Product Name 64 Description,5,617026102940
65,Product Name 65,Product Name 65 Description,7,170679696017
66,Product Name 66,Product Name 66 Description,10,690388913148
67,Product Name 67,Product Name 67 Description,10,204538638383
68,Product Name 68,Product Name 68 Description,2,849192209413
69,Product Name 69,Product Name 69 Description,3,157058882165
70,Product Name 70,Product Name 70 Description,8,239961418705
71,Product Name 71,Product Name 71 Description,6,699127627971
72,Product Name 72,Product Name 72 Description,5,342732049900
73,Product Name 73,Product Name 73 Description,3,250449099943
74,Product Name 74,Product Name 74 Description,3,861870433420
75,Product Name 75,Product Name 75 Description,5,576895059456
76,Product Name 76,Product Name 76 Description,8,813326937014
77,Product Name 77,Product Name 77 Description,2,371574051656
78,Product Name 78,Product Name 78 Description,5,682660041099
79,Product Name 79,Product Name 79 Description,6,726500511705
80,Product Name 80,Product Name 80 Description,10,979252930423
81,Product Name 81,Product Name 81 Description,5,351946955481
82,Product Name 82,Product Name 82 Description,5,960602938991
83,Product Name 83,Product Name 83 Description,8,307671828350
84,Product Name 84,Product Name 84 Description,2,997059227822
85,Product Name 85,Product Name 85 Description,1,801211897088
86,Product Name 86,Product Name 86 Description,3,531016656020
87,Product Name 87,Product Name 87 Description,9,128502197613
88,Product Name 88,Product Name 88 Description,1,996626926234
89,Product Name 89,Product Name 89 Description,1,896657338763
90,Product Name 90,Product Name 90 Description,5,120838086399
91,Product Name 91,Product Name 91 Description,3,725241421835
92,Product Name 92,Product Name 92 Description,2,206806933847
93,Product Name 93,Product Name 93 Description,1,682898187532
94,Product Name 94,Product Name 94 Description,2,269574604473
95,Product Name 95,Product Name 95 Description,5,877058475709
96,Product Name 96,Product Name 96 Description,5,223535717215
97,Product Name 97,Product Name 97 Description,7,920926639257
98,Product Name 98,Product Name 98 Description,2,779139418139
99,Product Name 99,Product Name 99 Description,1,156369328975
100,Product Name 100,Product Name 100 Description,9,585106960409
